{"cameraMode":{"drawMode":0,"name":"Shaded","section":"Shading Mode"},"sceneLighting":true,"audioPlay":false,"sceneViewState":{"showFog":true,"showMaterialUpdate":false,"showSkybox":true,"showFlares":true,"showImageEffects":true,"showParticleSystems":true},"in2DMode":false,"pivot":{"x":0.4714084267616272,"y":1.82904052734375,"z":2.505458354949951},"rotation":{"x":-0.010511242784559727,"y":0.7266827821731567,"z":-0.011129702441394329,"w":-0.6868150234222412},"size":17.299671173095704,"orthographic":false}